feature_name,timestamp,value
update_count,2005-05-24 00:00:09,391
update_count,2005-05-24 00:00:15,8
update_count,2005-05-24 00:00:21,5
update_count,2005-05-24 00:00:27,24
update_count,2005-05-24 00:00:33,62
update_count,2005-05-24 00:00:39,24
update_count,2005-05-24 00:00:45,4
update_count,2005-05-24 00:00:51,15
update_count,2005-05-24 00:00:57,6
update_count,2005-05-24 00:01:03,342
update_count,2005-05-24 00:01:09,37
update_count,2005-05-24 00:01:15,25
update_count,2005-05-24 00:01:21,17
update_count,2005-05-24 00:01:27,99
update_count,2005-05-24 00:01:33,9
update_count,2005-05-24 00:01:39,29
update_count,2005-05-24 00:01:45,43
update_count,2005-05-24 00:01:51,3
update_count,2005-05-24 00:01:57,367
update_count,2005-05-24 00:02:03,44
update_count,2005-05-24 00:02:09,27
update_count,2005-05-24 00:02:15,7
update_count,2005-05-24 00:02:21,98
update_count,2005-05-24 00:02:27,6
update_count,2005-05-24 00:02:33,31
update_count,2005-05-24 00:02:39,5
update_count,2005-05-24 00:02:45,11
update_count,2005-05-24 00:02:51,397
update_count,2005-05-24 00:02:57,45
update_count,2005-05-24 00:03:03,15
update_count,2005-05-24 00:03:09,17
update_count,2005-05-24 00:03:15,21
update_count,2005-05-24 00:03:21,97
update_count,2005-05-24 00:03:27,61
update_count,2005-05-24 00:03:33,3
update_count,2005-05-24 00:03:39,6
update_count,2005-05-24 00:03:45,34
update_count,2005-05-24 00:03:51,349
update_count,2005-05-24 00:03:57,4
update_count,2005-05-24 00:04:03,7
update_count,2005-05-24 00:04:09,6
update_count,2005-05-24 00:04:15,359
update_count,2005-05-24 00:04:21,30
update_count,2005-05-24 00:04:27,14
update_count,2005-05-24 00:04:33,18
update_count,2005-05-24 00:04:39,19
update_count,2005-05-24 00:04:45,283
update_count,2005-05-24 00:04:51,40
update_count,2005-05-24 00:04:57,20
update_count,2005-05-24 00:05:03,4
update_count,2005-05-24 00:05:09,372
update_count,2005-05-24 00:05:15,23
update_count,2005-05-24 00:05:21,31
update_count,2005-05-24 00:05:27,7
update_count,2005-05-24 00:05:33,21
update_count,2005-05-24 00:05:39,46
update_count,2005-05-24 00:05:45,19
update_count,2005-05-24 00:05:51,52
update_count,2005-05-24 00:05:57,14
update_count,2005-05-24 00:06:03,19
update_count,2005-05-24 00:06:09,441
update_count,2005-05-24 00:06:15,25
update_count,2005-05-24 00:06:21,4
update_count,2005-05-24 00:06:27,6
update_count,2005-05-24 00:06:33,85
update_count,2005-05-24 00:06:39,7
update_count,2005-05-24 00:06:45,31
update_count,2005-05-24 00:06:51,6
update_count,2005-05-24 00:06:57,27
update_count,2005-05-24 00:07:03,372
update_count,2005-05-24 00:07:09,11
update_count,2005-05-24 00:07:15,34
update_count,2005-05-24 00:07:21,12
update_count,2005-05-24 00:07:27,7
update_count,2005-05-24 00:07:33,368
update_count,2005-05-24 00:07:39,36
update_count,2005-05-24 00:07:45,27
update_count,2005-05-24 00:07:51,50
update_count,2005-05-24 00:07:57,60
update_count,2005-05-24 00:08:03,97
update_count,2005-05-24 00:08:09,53
update_count,2005-05-24 00:08:15,6
update_count,2005-05-24 00:08:21,16
update_count,2005-05-24 00:08:27,382
update_count,2005-05-24 00:08:33,8
update_count,2005-05-24 00:08:39,22
update_count,2005-05-24 00:08:45,22
update_count,2005-05-24 00:08:51,7
update_count,2005-05-24 00:08:57,60
update_count,2005-05-24 00:09:03,4
update_count,2005-05-24 00:09:09,57
update_count,2005-05-24 00:09:15,9
update_count,2005-05-24 00:09:21,376
update_count,2005-05-24 00:09:27,4
update_count,2005-05-24 00:09:33,8
update_count,2005-05-24 00:09:39,20
update_count,2005-05-24 00:09:45,6
update_count,2005-05-24 00:09:51,89
update_count,2005-05-24 00:09:57,27
update_count,2005-05-24 00:10:03,10
update_count,2005-05-24 00:10:09,23
update_count,2005-05-24 00:10:15,7
update_count,2005-05-24 00:10:21,358
update_count,2005-05-24 00:10:27,3
update_count,2005-05-24 00:10:33,7
update_count,2005-05-24 00:10:39,15
update_count,2005-05-24 00:10:45,12
update_count,2005-05-24 00:10:51,50
update_count,2005-05-24 00:10:57,57
update_count,2005-05-24 00:11:03,22
update_count,2005-05-24 00:11:09,1
update_count,2005-05-24 00:11:15,374
update_count,2005-05-24 00:11:21,10
update_count,2005-05-24 00:11:27,8
update_count,2005-05-24 00:11:33,14
update_count,2005-05-24 00:11:39,2
update_count,2005-05-24 00:11:45,47
update_count,2005-05-24 00:11:51,9
update_count,2005-05-24 00:11:57,20
update_count,2005-05-24 00:12:03,27
update_count,2005-05-24 00:12:09,9
update_count,2005-05-24 00:12:15,362
update_count,2005-05-24 00:12:21,27
update_count,2005-05-24 00:12:27,15
update_count,2005-05-24 00:12:33,10
update_count,2005-05-24 00:12:39,349
update_count,2005-05-24 00:12:45,8
update_count,2005-05-24 00:12:51,3
update_count,2005-05-24 00:12:57,14
update_count,2005-05-24 00:13:03,13
update_count,2005-05-24 00:13:09,48
update_count,2005-05-24 00:13:15,10
update_count,2005-05-24 00:13:21,13
update_count,2005-05-24 00:13:27,15
update_count,2005-05-24 00:13:33,10
update_count,2005-05-24 00:13:39,361
update_count,2005-05-24 00:13:45,12
update_count,2005-05-24 00:13:51,3
update_count,2005-05-24 00:13:57,28
update_count,2005-05-24 00:14:03,84
update_count,2005-05-24 00:14:09,14
update_count,2005-05-24 00:14:15,15
update_count,2005-05-24 00:14:21,11
update_count,2005-05-24 00:14:27,21
update_count,2005-05-24 00:14:33,361
update_count,2005-05-24 00:14:39,6
update_count,2005-05-24 00:14:45,9
update_count,2005-05-24 00:14:51,9
update_count,2005-05-24 00:14:57,8
update_count,2005-05-24 00:15:03,2
